<?xml version="1.0" encoding="UTF-8"?>
<project-private xmlns="http://www.netbeans.org/ns/project-private/1">
    <editor-bookmarks xmlns="http://www.netbeans.org/ns/editor-bookmarks/2" lastBookmarkId="0"/>
    <open-files xmlns="http://www.netbeans.org/ns/projectui-open-files/2">
        <group>
            <file>file:/C:/Users/hp1/Videos/ExamenRepo/src/juegocr/ClaseDado1.java</file>
            <file>file:/C:/Users/hp1/Videos/ExamenRepo/src/juegocr/ClaseImagen.java</file>
            <file>file:/C:/Users/hp1/Videos/ExamenRepo/src/juegocr/FResultado.java</file>
            <file>file:/C:/Users/hp1/Videos/ExamenRepo/src/juegocr/ClaseImagen1.java</file>
            <file>file:/C:/Users/hp1/Videos/ExamenRepo/src/juegocr/ClaseImagenP1.java</file>
            <file>file:/C:/Users/hp1/Videos/ExamenRepo/src/juegocr/FJuego.java</file>
            <file>file:/C:/Users/hp1/Videos/ExamenRepo/src/juegocr/ClaseCr1.java</file>
            <file>file:/C:/Users/hp1/Videos/ExamenRepo/src/juegocr/DNivel.java</file>
            <file>file:/C:/Users/hp1/Videos/ExamenRepo/src/juegocr/ClaseCr.java</file>
            <file>file:/C:/Users/hp1/Videos/ExamenRepo/src/juegocr/ClaseImagenP.java</file>
            <file>file:/C:/Users/hp1/Videos/ExamenRepo/src/juegocr/FJuego1.java</file>
            <file>file:/C:/Users/hp1/Videos/ExamenRepo/src/juegocr/DResultado.java</file>
            <file>file:/C:/Users/hp1/Videos/ExamenRepo/src/juegocr/ClaseDado2.java</file>
            <file>file:/C:/Users/hp1/Videos/ExamenRepo/src/juegocr/ClaseImagenResultado.java</file>
            <file>file:/C:/Users/hp1/Videos/ExamenRepo/src/juegocr/ClaseImagenResultado1.java</file>
        </group>
    </open-files>
</project-private>
